test;tSeq;tPar2;speedUp2;tPar4;speedUp4;tPar6;speedUp6;fpr
10000;0.103;0.0509999;2.01962;0.0250001;4.11999;0.0220001;4.68181;0.0118;
55000;0.569;0.283;2.0106;0.146;3.89726;0.101;5.63366;0.0103455;
100000;1.016;0.517;1.96518;0.26;3.90769;0.179;5.67597;0.01004;
