test;tSeq;tPar2;speedUp2;tPar4;speedUp4;tPar6;speedUp6;fpr
10000;0.11;0.0550001;2;0.0369999;2.97298;0.0350001;3.14285;0.0097;
505000;5.194;2.647;1.96222;1.306;3.97703;1.008;5.15278;0.0111;
1000000;10.437;5.225;1.99751;2.599;4.01578;1.827;5.71264;0.0118;
